handle,block_match
martex-cam-towel-collection,Martex Cam Towel
martex-simplicity-towel-collection,Martex Simplicity
martex-sovereign-blanket,Martex Sovereign - Cotton Blanket
grand-patrician-suites-blanket,Grand Patrician - Cotton Blanket
five-star-hotel-collection-blanket,FiveStar Basketweave - Cotton Blanket
martex-millennium-250-solid-bedding-collection,Martex® Millennium 250 - Sheets
martex-millennium-250-solid-bedding-collection,Martex Millennium 250 Bone - Sheets
martex-atelier-luxe-blanket,Martex Atelier Luxe Blanket
vellux-renew-blanket,Vellux Renew Blanket
martex-atelier-bella-throw-blanket,Martex Atelier Bella Throw
martex-atelier-bella-throw-blanket,Martex Atelier Bella Throw
martex-atelier-bella-throw-blanket,Martex Atelier Bella Throw
five-star-hotel-collection-down-alternative-comforter,Five Star Hotel Collection Down Alt Comforter
five-star-hotel-collection-down-alternative-comforter,Five Star Hotel Collection Down Alt Comforter
martex-simplicity-sheets,Martex Simplicity - Sheets
martex-classic-sheet-collection,Martex Classic - Sheets
martex-ultra-touch-suites-sheet-collection,Martex Ultra Touch Suites - Sheet
martex-simplicity-sheets,Martex Simplicity - Sheets
